<?xml version="1.0" encoding="UTF-8"?><idempiere Name="AD_Process_Para" Version="1.0.0" idempiereVersion="5.1.0.qualifier" DataBaseVersion="2017-10-31" Description="" Author="SuperUser" AuthorEmail="superuser @ idempiere.com" CreatedDate="Fri Sep 21 11:06:34 ICT 2018" UpdatedDate="Fri Sep 21 11:06:34 ICT 2018" PackOutVersion="100" UpdateDictionary="true" Client="0-SYSTEM-System" AD_Client_UU="11237b53-9592-4af1-b3c5-afd216514b5d">
    <AD_Process_Para type="table">
        <AD_Client_ID>0</AD_Client_ID>
        <AD_Org_ID>0</AD_Org_ID>
        <IsActive>Y</IsActive>
        <Name>Date Same Receipt</Name>
        <Description>Get invoiced date from movement date, and account date same from receipt</Description>
        <Help/>
        <AD_Process_ID reference="id">154</AD_Process_ID>
        <SeqNo>30</SeqNo>
        <AD_Reference_ID reference="id">20</AD_Reference_ID>
        <AD_Reference_Value_ID reference="id"/>
        <IsRange>N</IsRange>
        <AD_Val_Rule_ID reference="id"/>
        <FieldLength>0</FieldLength>
        <IsMandatory>N</IsMandatory>
        <DefaultValue>N</DefaultValue>
        <VFormat/>
        <ValueMin/>
        <ValueMax/>
        <ColumnName>isDateSameReceipt</ColumnName>
        <DefaultValue2/>
        <IsCentrallyMaintained>N</IsCentrallyMaintained>
        <EntityType>Hsv-override</EntityType>
        <AD_Element_ID reference="id"/>
        <ReadOnlyLogic/>
        <DisplayLogic/>
        <AD_Process_Para_UU>177a6c0e-5a06-4fea-9b3e-e19c9e98e8cc</AD_Process_Para_UU>
        <IsEncrypted>N</IsEncrypted>
        <MandatoryLogic/>
        <Placeholder/>
        <Placeholder2/>
        <AD_Process_Para_Trl type="translation">
            <Help/>
            <Name>Date Same Receipt</Name>
            <Description>Get invoiced date from movement date, and account date same from receipt</Description>
            <Placeholder/>
            <Placeholder2/>
            <AD_Language>es_CO</AD_Language>
            <IsActive>Y</IsActive>
            <IsTranslated>N</IsTranslated>
        </AD_Process_Para_Trl>
        <AD_Process_Para_Trl type="translation">
            <Help/>
            <Name>Date Same Receipt</Name>
            <Description>Get invoiced date from movement date, and account date same from receipt</Description>
            <Placeholder/>
            <Placeholder2/>
            <AD_Language>vi_VN</AD_Language>
            <IsActive>Y</IsActive>
            <IsTranslated>N</IsTranslated>
        </AD_Process_Para_Trl>
    </AD_Process_Para>
</idempiere>
